recordKey,id,sourceId,sourceMajor,name,location,sourceLocationCode,appStatus,reviewStatus,beaconStatus,category,description,longDescription,latitude,longitude,imagePath,imageAlt,isOpen,trailDistanceDescription,previousBeaconStatus,macAddress,beaconPlacement,purchaseCount,sourceNewBeaconCount,sourceImageName,sourceCoordinates,sourceRow,carriedForwardFields,reviewNotes,reviewGroups,coordinateReview,coordinateDifferenceMetres,coordinateNote
LP-2,1002.0,1002.0,17.0,Yellow Trail,lions-pride-park,LP,Active,Needs Review,working,Trail,This paved trail leads you around the outside of the park and is great exercise.,The yellow trail is a 0.4-mile paved loop around the park and connects with the trail around IPW and the rest of Upper Nike.,40.2472,-75.1773,lions-pride-park/images/Yellow_trail.jpg,Picture of trail,false,"This is a paved 0.4 mile trail around Kids Mountain and the Grove.  Just to the right of the main entrance is a link to the IPW Park around the soccer fields. About half-way around, is a connector to the Green Trail.",Replaced batteries,EBC6A9D55546,inside Kiosk,,,trail,"40.2472, -75.1773",Lions Pride!A2:R2,"imagePath, isOpen, trailDistanceDescription",Coordinate change; confirm placement and affected trail stops. Existing image retained under group 1 policy.,"1, 3",Changed beyond rounding,125.7,Not explained by rounding to the source precision; confirm the measurement source or physical placement.
LP-3,3001.0,,17.0,Green Trail,lions-pride-park,LP,Active,Needs Review,working,Trail,This is a limestone trail passing the meadow and Rain garden,The green trail is tied into the wetlands trail. It extends around the Rain garden area,40.24774,-75.17829,lions-pride-park/images/trail.jpg,Picture of Green Trail,true,"This is a crushed stone U-shaped trail about .25 miles around the back of the park leading to the Rain Garden nature area. The link from the Yellow trail allows you to walk left toward the Rain Garden, or right around the lacrosse field to the rain garden and some informative nature signs. the two ends do not currently connect to one another. This will change when the pond to wetland project is completed.",Replaced batteries,,on pole,,,,"40.24774, -75.17829",Lions Pride!A3:R3,"imageAlt, imagePath, isOpen, trailDistanceDescription",Source has no numeric ID; matched by name/context to app 3001. Coordinate change; confirm placement and affected trail stops.,"1, 3, 6",Changed beyond rounding,107.6,Not explained by rounding to the source precision; confirm the measurement source or physical placement.
LP-4,1009.0,1009.0,17.0,Park Entrance,lions-pride-park,LP,Active,Needs Review,working,PointOfInterest,Welcome! This is the entrance to Lions Pride Park. ,Welcome to Lions Pride Park! The entrance is the start of the Yellow Trail. Walk to your right to enter Kids Mountain or straight ahead to the Grove. Note the engraved walls showing the donors who made this park possible. The restrooms are located to your left,40.2460564,-75.1774876,lions-pride-park/images/park_entrance.jpg,View of trees and field from park entrance,,,,,behind wall,,,park_entrance,"40.2460564, -75.1774876",Lions Pride!A4:R4,imagePath,Coordinate change; confirm placement and affected trail stops. Existing image retained under group 1 policy.,"1, 3",Changed beyond rounding,11.7,Not explained by rounding to the source precision; confirm the measurement source or physical placement.
LP-5,1011.0,1011.0,17.0,Restrooms,lions-pride-park,LP,Active,Needs Review,working,Building,"Men's, Women's restrooms with changing tables. There is a water fountain at the rear of the building.","The restrooms are located at the south of the park just south of the pavilion on the Yellow Trail. There are Men's and Women's restrooms, both ADA accessible and each has a changing table. There is a water fountain at the rear of the building.",40.24617,-75.17828,lions-pride-park/images/restrooms.jpg,Small white building with two entrances for bathrooms,,,,,on eve of roof,,,restrooms,"40.24617, -75.17828",Lions Pride!A5:R5,imagePath,Coordinate change; confirm placement and affected trail stops. Existing image retained under group 1 policy.,"1, 3",Changed beyond rounding,7.9,Not explained by rounding to the source precision; confirm the measurement source or physical placement.
LP-6,1012.0,1012.0,17.0,The Grove,lions-pride-park,LP,Active,Needs Review,working,PointOfInterest,"The grove is a relaxing family area with games to play and chairs, tables and hammocks to relax on.","The Grove offers intergenerational experiences set in scenic beauty, including playing life-size games and enjoying picnics that will build lasting family memories. Seating areas incorporate benches and tables that accommodate people with various physical needs. The center of the grove is a large circular area dedicated to the Warrington Lions Club. It is surrounded by tables with built in checker/chess boards and more.We have chess and checkers games for you to play. We provide the game pieces for free. To allow us to continue to make them available, please make sure you return all equipment when you are done using it.",40.24668,-75.17796,lions-pride-park/images/the_grove.jpg,Picture of the Grove,,,Can't locate,D55B64B7E605,,,,the_grove,"40.246680, -75.177960",Lions Pride!A6:R6,imagePath,Coordinate change; confirm placement and affected trail stops. Existing image retained under group 1 policy.,"1, 3",Changed beyond rounding,3.6,Not explained by rounding to the source precision; confirm the measurement source or physical placement.
LP-7,1003.0,1013.0,17.0,Kids Mountain,lions-pride-park,LP,Active,Needs Review,working,PointOfInterest,"Kids Mountain is loaded with swings, slides, climbing towers and rope bridges for hours of fun.","Kids Mountain, an exciting state-of-the-art play area fully accessible to people of all abilities, includes swings, slides, climbing towers, and rope bridges. The topography lends itself to climbing, sledding, walking, and enjoying the views. This fifteen-foot-high mountain has multiple means to ascend and descend for children of all ages and abilities. The small mountain is connected to Kids Mountain by a rope bridge starting at the big tower. This hill has a net climbing structure to move about in as well as several different activities along the edges: A smaller zigzag climbing ladder, one spider web climbing net, sliding pipes and a 4-foot-wide sliding board. Along this hill are many colorful half domes that children and use to make their way both up and down the hill.",40.24683,-75.17772,lions-pride-park/images/kids_mountain.jpg,Picture of the Kids Mountain,,,Can't locate,E714A556EDED,black cap inside climbing bars,,,kids_mountain,"40.246830, -75.177720",Lions Pride!A7:R7,imagePath,"ID conflict: source 1013, existing app 1003; confirm hardware before changing ID. Coordinate change; confirm placement and affected trail stops. Existing image retained under group 1 policy.","1, 3, 5, 6",Changed beyond rounding,9.4,Not explained by rounding to the source precision; confirm the measurement source or physical placement.
LP-8,1015.0,1015.0,17.0,Pavilion,lions-pride-park,LP,Active,Needs Review,working,Building,The Pavilion is a covered gathering place next to the Grove.,"The covered pavilion can hold 50-75 people. The pavilion can be rented out for parties and gatherings. It is conveniently located next to the grove, grills, and picnic tables.",40.24633,-75.17831,lions-pride-park/images/pavilion.jpg,Picture of the pavillion,,,,,SW corner of pavillion,,,pavillion,"40.246330, -75.178310",Lions Pride!A8:R8,imagePath,Coordinate change; confirm placement and affected trail stops. Existing image retained under group 1 policy.,"1, 3",Changed beyond rounding,11.3,Not explained by rounding to the source precision; confirm the measurement source or physical placement.
LP-9,1016.0,1016.0,17.0,Tennis Courts,lions-pride-park,LP,Retired,Needs Review,DELETE,PointOfInterest,Tennis/Pickleball Courts are open to all on a first come- first served basis.,The tennis/pickleball courts are open to the public on a first come-first served basis. Bring your own equipment.,40.246183,-75.1788337,lions-pride-park/images/tennis_pickleball.jpg,Picture of the Tennis Courts,,,"missing, don't replace",,,DELETE,,,", -75.1788337",Lions Pride!A9:R9,"description, longDescription, imageAlt, latitude, imagePath",Coordinate change; confirm placement and affected trail stops. Source requests deletion; retirement proposed. Check trail references.,"1, 5",Incomplete source coordinates,,Retained values are not a complete new measurement.
LP-10,1017.0,1017.0,17.0,Small Mountain,lions-pride-park,LP,Retired,Needs Review,DELETE,PointOfInterest,The Small Mountain is a fun play area for toddlers and anyone not comfortable with climbing the Kids Mountain.,"The small mountain is connected to Kids Mountain by a rope bridge starting at the big tower. This hill has a net climbing structure to move about in as well as several different activities along the edges: A smaller zigzag climbing ladder, one spider web climbing net, sliding pipes and a 4-foot-wide sliding board. Along this hill are many colorful half domes that children can use to make their way both up and down the hill. There is a tot lot, ideal for kids 2-5 with a sandbox, diggers, a dish swing, mommy & me swings and various other activities.",40.24688,-75.17771,lions-pride-park/images/Small_mountain.jpg,Picture of the Small Mountain,,,Can't locate,,inside black cap facing main mountain,,,Small_mountain,"40.24688, -75.17771",Lions Pride!A10:R10,"longDescription, imagePath",Coordinate change; confirm placement and affected trail stops. Source requests deletion; retirement proposed. Check trail references. Existing image retained under group 1 policy.,"1, 5",Changed beyond rounding,14.8,Not explained by rounding to the source precision; confirm the measurement source or physical placement.
LP-11,2001.0,2001.0,17.0,Invasive Species,lions-pride-park,LP,Active,Needs Review,working,PointOfInterest,Here's some information about invasive plants in the area and their effect on the environment. Invasive plants are plants that didn't start in this area and can have a bad effect on the natural habitat.,"Invasive species are known as plants or animals that did not originate (are not native to) the area in which they currently reside. In short, they spread quickly, and can cause environmental and subsequently economic damage. They make up around 41% of the vegetation in Pennsylvania. Invasive plants diminish the available habitat for native wildlife, and “out-compete” native plants in a way that disrupts the food chain as well as the natural balance of our local environment.",40.2471,-75.1786,lions-pride-park/images/invasive_species.jpg,Spotted lantern fly on a branch,,,Replaced batteries,,,,,invasive_species,"40.247100, -75.178600",Lions Pride!A11:R11,imagePath,Proposed name: Invasive Species and The Woods → Invasive Species Coordinate change; confirm placement and affected trail stops. Existing image retained under group 1 policy.,"1, 3, 5",Changed beyond rounding,74.4,Not explained by rounding to the source precision; confirm the measurement source or physical placement.
LP-12,,2002.0,17.0,Climbing Ladder,lions-pride-park,LP,Retired,Needs Review,DELETE,PointOfInterest,Rope Climbing Ladder takes you on a zigzag pattern from the top to the bottom of Kids Mountain,,40.24699,-75.17794,,Rope climbing ladder,,,Can't locate,,,DELETE,,Rope_ladder,"40.246990, -75.177940",Lions Pride!A12:R12,,New or distinct source record; complete required fields and confirm ID/location before activating. Source ID 2002 is used by Recycling; resolve collision. Source requests deletion; retirement proposed. Check trail references.,"5, 6",No source comparison,,
LP-13,2003.0,2003.0,17.0,Small Slides,lions-pride-park,LP,Active,Needs Review,Can't locate,PointOfInterest,Small Slides take you down Kids mountain through two areas filled with sand. Get to the slides from Kids Mountain Trail or by using the stairs between the slides.,The three small green slides will bring you down from the top of the mountain through two areas filled with sand. The sand areas are just one of the different surfaces that are present throughout the park. Access to the slide is either from the walking path that winds up the mountain or by two sets of stairs between them. These are smaller less steep slides than the large main slides.,40.24669,-75.17764,lions-pride-park/images/small_slides.jpg,Small slides,,,Can't locate,,,1.0,,small_slides,"40.24669, -75.17764",Lions Pride!A13:R13,imagePath,Proposed name: Small Slides and Rope Ladder → Small Slides Coordinate change; confirm placement and affected trail stops. Existing image retained under group 1 policy.,"1, 3, 5",Changed beyond rounding,4.4,Not explained by rounding to the source precision; confirm the measurement source or physical placement.
LP-14,,2004.0,17.0,Large Slides,lions-pride-park,LP,Draft,Needs Review,missing,PointOfInterest,Large Slides are the big blue slides. Get to the spiral slide from the tower on Kids Mountain. The straight slide is right next to the tower entrance.,"The two main blue slides begin from the peak of Kids Mountain; both are accessible by individuals of all abilities. The first slide is a spiral slide that can be accessed from the tower's highest level and ends with a transfer station (for handicapped persons) at the bottom. The second slide is a straight slide that is steep and fast. Again, this has transfer areas at both the top and bottom.",40.24688,-75.17771,,Large slides,,,missing,,onside of the main railng that goes to top of to big slide,1.0,,Large_slides,"40.246880, -75.177710",Lions Pride!A14:R14,,New or distinct source record; complete required fields and confirm ID/location before activating. Source ID 2004 is used by Green Trail Mid-Point; resolve collision.,"4, 5, 6",No source comparison,,
LP-15,2005.0,2005.0,17.0,Bees,lions-pride-park,LP,Active,Needs Review,working,PointOfInterest,Here's some information about bees which are very important to the environment and some things we can do to help them thrive.,"Bees are insects known as pollinators. Western honeybees are well known for producing honey, and pollination of flowers, fruits, and vegetables. Most crops require insect pollination in order to produce seeds. Bees live in colonies, also known as hives. This is where they reproduce and make honey to store for the winter. Honeybees fly extremely fast, and beat their wings around 200 times per second. Unfortunately, bees are declining at an alarming rate due to viruses, climate change, decreasing crop diversity, and loss of habitat. Reducing the use of pesticides and diminishing the effects of climate change will help these important pollinators to repopulate. You can help increase the bee population by planting native shrubs and flowers that in your yard. Recently, beekeeping has become an interesting and popular hobby. ",40.24848,-75.17751,lions-pride-park/images/bees.jpg,Honey bee gathering pollen from a yellow flower,,,Replaced batteries,,near wetland on pole,,,bee,"40.24848, -75.17751",Lions Pride!A15:R15,imagePath,Coordinate change; confirm placement and affected trail stops. Existing image retained under group 1 policy.,"1, 3",Changed beyond rounding,98.0,Not explained by rounding to the source precision; confirm the measurement source or physical placement.
LP-16,2006.0,2006.0,17.0,Butterflies,lions-pride-park,LP,Active,Needs Review,Can't locate,PointOfInterest,Here's some information about butterflies.,"Butterflies and moths are pollinators of plant and food sources for other animals. They make up the second largest order of insects. Butterflies have thousands of tiny overlapping scales covering their wings. Each scale is a single color and collectively these scales create the complex color patterns seen on their wings. Monarch butterflies are facing extinction. Populations in the last ten years have declined by over 90%. Butterflies in general are in trouble, but with just a few nectar and hosts plants you can attract and sustain dozens of butterfly species. Limiting the use of insecticides and herbicides will also help to increase their population. ",40.24847,-75.17741,lions-pride-park/images/butterfly.jpg,Monarch butterfly standing on a stick,,,Can't locate,,,1.0,,butterfly,"40.24847, -75.17741",Lions Pride!A16:R16,imagePath,Coordinate change; confirm placement and affected trail stops. Existing image retained under group 1 policy.,"1, 3",Changed beyond rounding,61.8,Not explained by rounding to the source precision; confirm the measurement source or physical placement.
LP-17,2007.0,2007.0,17.0,Natural Slope,lions-pride-park,LP,Retired,Needs Review,missing,PointOfInterest,The side of Kids Mountain is a natural play area and is great for sledding. Get to it from the Kids Mountain Trail.,"This side (back of the mountain) is natural and allows individuals to run up, roll down and in the winter is an excellent sledding hill. The area is accessed from Kids Mountain Trail.",40.24675,-75.17748,lions-pride-park/images/slope.jpg,Play slope,,,missing,,,DELETE,,slope,"40.24675, -75.17748",Lions Pride!A17:R17,"longDescription, imagePath",Coordinate change; confirm placement and affected trail stops. Source requests deletion; retirement proposed. Check trail references. Existing image retained under group 1 policy.,"1, 5",Changed beyond rounding,2.4,Not explained by rounding to the source precision; confirm the measurement source or physical placement.
LP-18,2008.0,2008.0,17.0,Games,lions-pride-park,LP,Retired,Needs Review,missing,PointOfInterest,Checkers and chess sets are available for you to use at the game tables. Please make sure to return them when done,,40.24661,-75.17817,,Table games,,,missing,,,DELETE,,Table_games,"40.24661, -75.178170",Lions Pride!A18:R18,,New or distinct source record; complete required fields and confirm ID/location before activating. Source requests deletion; retirement proposed. Check trail references.,5,No source comparison,,
LP-19,3002.0,3002.0,17.0,Kids Mountain Trail,lions-pride-park,LP,Active,Needs Review,working,Trail,ADA compliant trail takes you to the top of Kids Mountain and the fun activities you will find there.,"This gently sloping ADA compliant trail leads to the top of Kids Mountain, It is ideal for those with physical limitations and is wheelchair friendly. There is a rest area along the trail that is a perfect place to sit and enjoy the scenic view of the park. This side of the mountain is natural and allows individuals to run up, roll down and in the winter is an excellent sledding hill. The area is accessed from Kids Mountain Trail.",40.24625,-75.17765,lions-pride-park/images/Mountain_trail.jpg,Kids Mountain trail,true,This is a 400 foot trail leading to the top of Kids Mountain. The slope is ADA compliant and friendly for those with mobility issues.,missing,,on sign at beginning of the mountain trail,,,Mountain_trail,"40.24625, -75.177650",Lions Pride!A19:R19,"imagePath, isOpen, trailDistanceDescription",Coordinate change; confirm placement and affected trail stops. Existing image retained under group 1 policy.,"1, 3, 5",Changed beyond rounding,8.5,Not explained by rounding to the source precision; confirm the measurement source or physical placement.
LP-20,,add,17.0,The Woods,lions-pride-park,LP,Draft,Needs Review,Can't locate,PointOfInterest,Walk along the woods and see what plants and wildlife you can see.,"The woods along the side of the loop trail are comprised of uplands, wetlands and floodplains. The trail passes through the woods and around the created wetland habitat for a whole new educational nature experience.",40.2471,-75.1786,,The Woods,,,Can't locate,,,,,woods,"40.2471, -75.1786",Lions Pride!A20:R20,,New or distinct source record; complete required fields and confirm ID/location before activating.,"4, 5",No source comparison,,
LP-21,3004.0,add,17.0,Music Grove,lions-pride-park,LP,Active,Needs Review,missing,PointOfInterest,Tuned musical instruments are for your use and enjoyment. Have fun!,Located behind the small mountain and next to the swings is the Music Grove. Visitors will  find an array of oversized and tuned musical instruments to play ,40.24706,-75.17775,lions-pride-park/images/music_grove.jpg,The Music grove,,,missing needs to be replaced,,,1.0,1.0,music_grove,"40.247060, -75.177750",Lions Pride!A21:R21,imagePath,Source has no numeric ID; matched by name/context to app 3004. Coordinate change; confirm placement and affected trail stops. Existing image retained under group 1 policy.,"1, 3, 6",Changed beyond rounding,3.2,Not explained by rounding to the source precision; confirm the measurement source or physical placement.
LP-22,3005.0,add,17.0,Rain Garden,lions-pride-park,LP,Active,Needs Review,"broken, needs to be replaced",PointOfInterest,The rain garden collects water which runs off from different parts of the park. Our rain garden hosts many native plants and small wildlife.,"This rain garden collects stormwater from the park. Also known as a bioretention basin, runoff that originates from rain, snow, hail, and sleet are diverted via underground pipes into this rain garden and soak into the soil. Rain gardens, such as this, are effective in removing up to 90% of nutrients and chemicals and up to 80% of sediments before they enter a water body. This garden will look dry most of the time, but will accumulate water during storm events and will drain within 12 to 48 hours, thereby cleaning the water before it enters the Little Neshaminy Watershed. Native plants and wildflowers are typically planted in rain gardens.",40.24845,-75.177456,lions-pride-park/images/rain_garden.jpg,The Rain Garden,,,"broken, needs to be replaced",,,1.0,1.0,rain_garden,"40.24845, -75.177456",Lions Pride!A22:R22,imagePath,Source has no numeric ID; matched by name/context to app 3005. Coordinate change; confirm placement and affected trail stops. Existing image retained under group 1 policy.,"1, 3, 6",Changed beyond rounding,103.3,Not explained by rounding to the source precision; confirm the measurement source or physical placement.
LP-23,3006.0,add,17.0,Recycled Plastic Furniture,lions-pride-park,LP,Active,Needs Review,working,PointOfInterest,"All of the adirondack chairs, benches and picnic tables in the park are made from 100% recycled plastic. ","All of the adirondack chairs, benches and picnic tables in the park are made from 100% recycled plastic. By using recycled plastic furnishings, we are playing an important role on closing the loop on recycling. Through the incorporation of recycled plastic into outdoor products, we are conserving virgin resources, reducing the need to log, drill and mine for raw materials. Using recycled content in products creates the demand needed to make recycling economically viable and turn used materials into new products.",40.24646,-75.1781,lions-pride-park/images/recycled_furn.jpg,Recycled Furniture,,,Replaced batteries,,on metal sign post,,,recycled_furn,"40.24646, -75.178100",Lions Pride!A23:R23,imagePath,Source has no numeric ID; matched by name/context to app 3006. Coordinate change; confirm placement and affected trail stops. Existing image retained under group 1 policy.,"1, 3, 6",Changed beyond rounding,27.0,Not explained by rounding to the source precision; confirm the measurement source or physical placement.
LP-24,3007.0,add,17.0,Pollinator Plants,lions-pride-park,LP,Active,Needs Review,Can't locate,PointOfInterest,Pollinator plants TBA,"Native pollinator plants are essential to ensure the production of nectar and pollen that support a diversity of butterflies, bees, bats, hummingbirds and other insects. These plants are also essential for plant reproduction and provide food and shelter for wildlife. ",40.24651,-75.17758,lions-pride-park/images/pollinators.jpg,Some Pollinator Plants,,,Can't locate,,,1.0,,,"40.24651, -75.17758",Lions Pride!A24:R24,"description, imageAlt, imagePath",Source has no numeric ID; matched by name/context to app 3007. Coordinate change; confirm placement and affected trail stops.,"1, 3, 6",Changed beyond rounding,19.2,Not explained by rounding to the source precision; confirm the measurement source or physical placement.
LP-25,3008.0,6000.0,6001.0,Insects,lions-pride-park,LP,Active,Needs Review,needs to be reprogrammed to insects,PointOfInterest,Insects TBA,"Insects are the largest species on earth. There are up to 10 million different types of insects in all shapes, colors and sizes. However all insects have a few common characteristics; no backbone, 3 separate parts to their body, 2 antennae on their head and 6 legs. Some of the benefits of insects include pollination, spreading seeds and providing a high protein food for humans. ",40.24839,-75.1771015,lions-pride-park/images/insects.jpg,Some Insects,,,needs to be reprogrammed,EFC136C1ABA5,,,,,"40.24839, -75.1771015",Lions Pride!A25:R25,"description, imageAlt, imagePath","ID conflict: source 6000, existing app 3008; confirm hardware before changing ID. Coordinate change; confirm placement and affected trail stops. Source 6000/6001 appears to be temporary programming; confirm final major/minor.","1, 3, 6",Changed beyond rounding,45.8,Not explained by rounding to the source precision; confirm the measurement source or physical placement.
LP-26,2002.0,,,Trash/Recycle,lions-pride-park,LP,Active,Needs Review,working,PointOfInterest,"The recycling bins at Lions Pride Park allow visitors to separate and recycle their food containers, paper products, empty plastic and glass bottles and aluminum cans from their trash. Please do not place plastic bags in the recycling cans as these can damage recycling equipment. Plastic bags can be recycled in supermarkets. Recycling is critical to the health of our planet and it reduces landfill space. Only paper you read and write on is recyclable. All containers must be completely empty before recycling to avoid contamination.","The recycling bins at Lions Pride Park allow visitors to separate and recycle their food containers, paper products, empty plastic and glass bottles and aluminum cans from their trash. Please do not place plastic bags in the recycling cans as these can damage recycling equipment. Plastic bags can be recycled in supermarkets. Recycling is critical to the health of our planet and it reduces landfill space. Only paper you read and write on is recyclable. All containers must be completely empty before recycling to avoid contamination.",40.24601,-75.1774,lions-pride-park/images/Recycling.jpg,Recycling at Lions Pride Park,,,Replaced Batteries,,,,,,", ",Lions Pride!A26:R26,"description, longDescription, imageAlt, latitude, longitude, imagePath",Source has no numeric ID; matched by name/context to app 2002. Proposed name: Recycling → Trash/Recycle,"1, 6",Incomplete source coordinates,,Retained values are not a complete new measurement.
LP-27,3003.0,,,Green Trail Turn Off,lions-pride-park,LP,Active,Needs Review,working,PointOfInterest,Walk along the edge of the woods and see what plants and wildlife you can see.,"If you bear left at this junction, you'll connect to the Green Trail. Otherwise, continue on the Yellow Trail toward the park entrance.",40.247383,-75.178521,lions-pride-park/images/Green_Trail_Connection.jpg,Green Trail Connection,,,Replaced Batteries,,,,,,", ",Lions Pride!A27:R27,"description, longDescription, imageAlt, latitude, longitude, imagePath",Source has no numeric ID; matched by name/context to app 3003. Proposed name: Green Trail Turn-off → Green Trail Turn Off,"1, 6",Incomplete source coordinates,,Retained values are not a complete new measurement.
LP-28,2004.0,,,Green Trail Mid Point,lions-pride-park,LP,Active,Needs Review,working,PointOfInterest,"Turn left to go to the beginning of the Green Trail, turn right to go to the Rain Garden nature area",This is the mid-point entry to the Green Trail. Turn Left to walk along the woods  to the beginning of the trail near the pond. Turn Right to head to the rain garden nature area.,40.2478,-75.178281,lions-pride-park/images/Green_Trail_mid.jpg,Mid-point entry to the Green Trail,,,Replaced Batteries,,,,,,", ",Lions Pride!A28:R28,"description, longDescription, imageAlt, latitude, longitude, imagePath",Source has no numeric ID; matched by name/context to app 2004. Proposed name: Green Trail Mid-Point → Green Trail Mid Point,"1, 6",Incomplete source coordinates,,Retained values are not a complete new measurement.
EAC-2,1.0,1.0,20.0,Bluebird and cavity nesting bird program,us-202,WP,Active,Needs Review,working,PointOfInterest,The Warrington Environmental Advisory Council is implementing a bluebird and cavity nesting bird program along this trail and throughout the Township.  Bird boxes have been installed at specific locations along this trail and throughout the Township to increase cavity bird populations.,"The Warrington Environmental Advisory Council is implementing a bluebird and cavity nesting bird program along this trail and throughout the Township.  Bird boxes have been installed at specific locations along this trail and throughout the Township to increase cavity bird populations. Bluebirds and other cavity nesting birds such as tree swallows, screech owls, and kestral falcons provide many benefits to our community by eating insects and small rodents. ",40.268116,-75.189541,us-202/images/202Nesting.jpg,,,,,,under sign,,,Nesting,"40.268116, -75.189541",EAC and Historic!A2:R2,imagePath,Coordinate change; confirm placement and affected trail stops. Confirm mapping of source location code WP; existing app grouping retained where available. Existing image retained under group 1 policy.,"1, 2, 3",Changed beyond rounding,2.7,Not explained by rounding to the source precision; confirm the measurement source or physical placement.
EAC-3,2.0,2.0,20.0,Pollinator Habitat,us-202,WP,Active,Needs Review,"working, beacon needs to be reprogramed",PointOfInterest,"Pollinator Habitats are gardens that provides food, water and a safe living space for our native
pollinators.","Pollinator Habitats are gardens that provides food, water and a safe living space for our native pollinators. This habitat has been created with different plants for a variety of pollinator species to feed on plant nectar, throughout the growing season.",40.265828,-75.187085,us-202/images/202Pollinator2021.jpg,,,,,DE:E2:AC:2193:OB,under sign,,,Pollinator 2021,"40.265828, -75.187085",EAC and Historic!A3:R3,imagePath,Coordinate change; confirm placement and affected trail stops. Confirm mapping of source location code WP; existing app grouping retained where available. Existing image retained under group 1 policy.,"1, 2, 3",Changed beyond rounding,6.5,Not explained by rounding to the source precision; confirm the measurement source or physical placement.
EAC-4,3.0,3.0,20.0,Pet Waste ,us-202,WP,Active,Needs Review,working,PointOfInterest,"Pet waste contains harmful bacteria,
viruses and parasites that can wash into streams, like the Neshaminy Creek.","Pet waste contains harmful bacteria, viruses and parasites that can wash into streams, like the Neshaminy Creek. These diseases can pose a health hazard to both people and pets. Picking up after your pet controls the spread of diseases to humans and wildlife and protects Warrington’s waterways. Thank you for bagging your pet’s waste, and putting it in the trash.",40.265418,-75.186894,us-202/images/202PetWaste.jpg,,,,,,under sign,,,Pet Waste,"40.265418, -75.186894",EAC and Historic!A4:R4,imagePath,Proposed name: Pet Waste → Pet Waste  Coordinate change; confirm placement and affected trail stops. Confirm mapping of source location code WP; existing app grouping retained where available. Existing image retained under group 1 policy.,"1, 2, 3",Changed beyond rounding,13.7,Not explained by rounding to the source precision; confirm the measurement source or physical placement.
EAC-5,4.0,4.0,20.0,Naturalized Basin,us-202,UN,Active,Needs Review,working,PointOfInterest,Naturalized detention basin is a constructed dry pond that is designed to collect storm water runoff and uses native plant species to adsorb and filter pollutants and storm water. ,"Naturalized detention basin is a constructed dry pond that is designed to collect storm water runoff and uses native plant species to adsorb and filter pollutants and storm water. The benefits of natualizing storm water basins include reduced mowing, greater recharge to groundwater, reduced pollutants entering our streams and rivers and increase in wildlife habitat. ",40.248622,-75.173927,us-202/images/202Basin.jpg,,,,,,under sign,,,Basin,"40.248622, -75.173927",EAC and Historic!A5:R5,imagePath,Coordinate change; confirm placement and affected trail stops. Confirm mapping of source location code UN; existing app grouping retained where available. Existing image retained under group 1 policy.,"1, 2, 3",Changed beyond rounding,2.0,Not explained by rounding to the source precision; confirm the measurement source or physical placement.
EAC-6,5.0,5.0,20.0,Native Plant Management Area,us-202,UN,Active,Needs Review,working,PointOfInterest,This corridor is being actively managed by the Warrington Environmental Advisory Council to promote native plants.,"This corridor is being actively managed by the Warrington Environmental Advisory Council to promote native plants. Invasive plants are being controlled to prevent them from crowding out the native vegetation. Step off of the trail and explore. Many of the native plants have been identified, many have edible fruits and nuts. Please Enjoy. ",40.248232,-75.174192,us-202/images/202NativePlantMgt.jpg,,,,,,under sign,,,Native Plant Mgt,"40.248232, -75.174192",EAC and Historic!A6:R6,imagePath,Coordinate change; confirm placement and affected trail stops. Confirm mapping of source location code UN; existing app grouping retained where available. Existing image retained under group 1 policy.,"1, 2, 3",Changed beyond rounding,1.0,Not explained by rounding to the source precision; confirm the measurement source or physical placement.
EAC-7,6.0,6.0,20.0,Rain Barrels,lions-pride-park,LP,Active,Needs Review,"Missing, needs new beacon",PointOfInterest,"Rain Barrels are barrels used to hold rain water that is collected from a roof. Rain barrels allows us to reuse rain water, allowing us to conserve water and save money.  ","Rain Barrels are barrels used to hold rain water that is collected from a roof. Rain barrels allows us to reuse rain water, allowing us to conserve water and save money.  ",40.246047222,-75.178247222,us-202/images/202RainBarrel.jpg,,,,,,under sign,1.0,,"40°14'45.77""N 75°10'41.69""W","40°14'45.77""N 75°10'41.69""W, ",EAC and Historic!A7:R7,imagePath,Coordinate change; confirm placement and affected trail stops. Confirm mapping of source location code LP; existing app grouping retained where available. Existing image retained under group 1 policy.,"1, 2, 3",Changed beyond rounding,267.0,Not explained by rounding to the source precision; confirm the measurement source or physical placement.
EAC-8,7.0,7.0,20.0,Bluebird and cavity nesting bird program,us-202,LN,Active,Needs Review,working,PointOfInterest,The Warrington Environmental Advisory Council is implementing a bluebird and cavity nesting bird program along this trail and throughout the Township.  Bird boxes have been installed at specific locations along this trail and throughout the Township to increase cavity bird populations.,"The Warrington Environmental Advisory Council is implementing a bluebird and cavity nesting bird program along this trail and throughout the Township.  Bird boxes have been installed at specific locations along this trail and throughout the Township to increase cavity bird populations. Bluebirds and other cavity nesting birds such as tree swallows, screech owls, and kestral falcons provide many benefits to our community by eating insects and small rodents. ",40.239,-75.169,us-202/images/202Nesting.jpg,,,,,,under sign,,,Nesting,"40.239, -75.169",EAC and Historic!A8:R8,imagePath,Coordinates are consistent with rounding; no relocation implied. Confirm mapping of source location code LN; existing app grouping retained where available. Existing image retained under group 1 policy.,"1, 2, 3",Consistent with rounding,25.2,Both source values equal the old coordinates rounded to the source precision. No relocation implied; retain precise app coordinates if rounding is confirmed.
EAC-9,8.0,8.0,20.0,Native Plant vs Invasive Plants,us-202,LN,Active,Needs Review,working,PointOfInterest,Native plants are plants that naturally existed in the area before colonization. nvasive plants are exotic plants that originated in other parts of the country or world.,"Native plants are plants that naturally existed in the area before colonization. Native plants have been growing in the area for thousands of years and are adapted to local soil and climate, once established they need minimal maintence.    Invasive plants are exotic plants that originated in other parts of the country or world. Invasive plants have few predators and can quickly spread and are often harmful  to other plants and animals. ",40.238,-75.168,us-202/images/202NativePlantsVsInvasive.jpg,,,,,,under sign,,,Native Plants vs Invasive,"40.238, -75.168",EAC and Historic!A9:R9,imagePath,Coordinate change; confirm placement and affected trail stops. Confirm mapping of source location code LN; existing app grouping retained where available. Existing image retained under group 1 policy.,"1, 2, 3",Changed beyond rounding,46.7,Not explained by rounding to the source precision; confirm the measurement source or physical placement.
EAC-10,9.0,9.0,20.0,Native Plant Management Area,us-202,LN,Active,Needs Review,"Missing, needs new beacon",PointOfInterest,This corridor is being actively managed by the Warrington Environmental Advisory Council to promote native plants.,"This corridor is being actively managed by the Warrington Environmental Advisory Council to promote native plants. Invasive plants are being controlled to prevent them from crowding out the native vegetation. Step off of the trail and explore. Many of the native plants have been identified, many have edible fruits and nuts. Please Enjoy. ",40.237,-75.168,us-202/images/202NativePlantMgt.jpg,,,,,,under sign,1.0,,Native Plant Mgt,"40.237, -75.168",EAC and Historic!A10:R10,imagePath,Coordinates are consistent with rounding; no relocation implied. Confirm mapping of source location code LN; existing app grouping retained where available. Existing image retained under group 1 policy.,"1, 2, 3",Consistent with rounding,4.0,Both source values equal the old coordinates rounded to the source precision. No relocation implied; retain precise app coordinates if rounding is confirmed.
EAC-11,10.0,10.0,20.0,Pet Waste ,us-202,LN,Active,Needs Review,working,PointOfInterest,"Pet waste contains harmful bacteria,
viruses and parasites that can wash into streams, like the Neshaminy Creek.","Pet waste contains harmful bacteria, viruses and parasites that can wash into streams, like the Neshaminy Creek. These diseases can pose a health hazard to both people and pets. Picking up after your pet controls the spread of diseases to humans and wildlife and protects Warrington’s
waterways. Thank you for bagging your pet’s waste, and putting it in the trash.",40.236587,-75.167368,us-202/images/202PetWaste.jpg,,,,,,under sign,,,Pet Waste,"40.236587, -75.167368",EAC and Historic!A11:R11,imagePath,Proposed name: Pet Waste → Pet Waste  Coordinate change; confirm placement and affected trail stops. Confirm mapping of source location code LN; existing app grouping retained where available. Existing image retained under group 1 policy.,"1, 2, 3",Changed beyond rounding,2.5,Not explained by rounding to the source precision; confirm the measurement source or physical placement.
EAC-12,11.0,11.0,20.0,Trees,us-202,LN,Active,Needs Review,working,PointOfInterest,"Trees improve biodiversity, sequester carbon,   adsorb and filter pollutants from storm water.  ","Trees improve biodiversity, sequester carbon,   adsorb and filter pollutants from storm water. Trees provide food and habitat for many species of amimals. They help to reduce folloding and filter surface and ground water, removing many pollutants before the pollutants reach a stream. They capture and store carbon and filter air pollutnatnts and other bad odors out of the air.  ",40.236,-75.165,us-202/images/202Trees.jpg,,,,,,under sign,,,Trees,"40.236, -75.165",EAC and Historic!A12:R12,imagePath,Coordinates are consistent with rounding; no relocation implied. Confirm mapping of source location code LN; existing app grouping retained where available. Existing image retained under group 1 policy.,"1, 2, 3",Consistent with rounding,12.3,Both source values equal the old coordinates rounded to the source precision. No relocation implied; retain precise app coordinates if rounding is confirmed.
EAC-13,12.0,12.0,20.0,Wetlands,us-202,LN,Active,Needs Review,working,PointOfInterest,Wetlands are areas where water covers the soil all or varying times of the year.,"Wetlands are areas where water covers the soil all or varying times of the year,   where the majority of plants that grow are water loving and where the subsoil is saturated most of the year. ",40.235,-75.164,us-202/images/202Wetlands.jpg,,,,,,under sign,,,Wetlands,"40.235, -75.164",EAC and Historic!A13:R13,imagePath,Coordinates are consistent with rounding; no relocation implied. Confirm mapping of source location code LN; existing app grouping retained where available. Existing image retained under group 1 policy.,"1, 2, 3",Consistent with rounding,32.3,Both source values equal the old coordinates rounded to the source precision. No relocation implied; retain precise app coordinates if rounding is confirmed.
EAC-14,13.0,13.0,20.0,Fish,us-202,LN,Active,Needs Review,"Missing, needs new beacon",PointOfInterest,"The Neshaminy Creek contains Bluegill, Bass and Trout.","The Neshaminy Creek contains Bluegill, Bass and Trout. Storm water runoff from rain and snow melt can be polluted with sediments, pesticides, oil and other chemicals. These pollutants affect the fish in the water. Some contaminants can accumulate in their bodies. These contaminants can potentially be passed on to humans through the food chain.",40.234,-75.164,us-202/images/202Fish.jpg,,,,,,under sign,1.0,,Fish,"40.234, -75.164",EAC and Historic!A14:R14,imagePath,Coordinates are consistent with rounding; no relocation implied. Confirm mapping of source location code LN; existing app grouping retained where available. Existing image retained under group 1 policy.,"1, 2, 3",Consistent with rounding,45.1,Both source values equal the old coordinates rounded to the source precision. No relocation implied; retain precise app coordinates if rounding is confirmed.
EAC-15,14.0,14.0,20.0,Meadows,us-202,LN,Active,Needs Review,working,PointOfInterest,A meadow is an open field cover mostly by tall grasses.,"A meadow is an open field cover mostly by tall grasses. Meadows provide a variety of benefits.  The benefits include providing habitat for many birds, insects and small animals.  Providing natural beauty from flowering plants. Meadows adsorb additional rain fall and runoff and reduce flooding.  They also sequester carbon and require less mowing.  ",40.233,-75.161,us-202/images/202Meadows.jpg,,,,,,under sign,,,Meadows,"40.233, -75.161",EAC and Historic!A15:R15,imagePath,Coordinates are consistent with rounding; no relocation implied. Confirm mapping of source location code LN; existing app grouping retained where available. Existing image retained under group 1 policy.,"1, 2, 3",Consistent with rounding,40.9,Both source values equal the old coordinates rounded to the source precision. No relocation implied; retain precise app coordinates if rounding is confirmed.
EAC-16,15.0,15.0,20.0,Waterfowl,us-202,LN,Active,Needs Review,working,PointOfInterest,"Waterfowl are ducks, geese or other large aquatic birds. ","Waterfowl are ducks, geese or other large aquatic birds. Adult geese, goslings and eggs provide food for other animals. Please don't feed the wild birds, it can cause poor health, overcrowding and spread disease. ",40.232,-75.16,us-202/images/202Waterfowl.jpg,,,,,,under sign,,,Waterfowl,"40.232, -75.16",EAC and Historic!A16:R16,imagePath,Coordinates are consistent with rounding; no relocation implied. Confirm mapping of source location code LN; existing app grouping retained where available. Existing image retained under group 1 policy.,"1, 2, 3",Consistent with rounding,7.3,Both source values equal the old coordinates rounded to the source precision. No relocation implied; retain precise app coordinates if rounding is confirmed.
EAC-17,,16.0,20.0,Purple Martin,,UN,Draft,Needs Review,Needs beacon,PointOfInterest,,,40.247563889,-75.175052778,,,,,,,under sign,1.0,,,"40°14'51.23""N 75°10'30.19""W, ",EAC and Historic!A17:R17,,New or distinct source record; complete required fields and confirm ID/location before activating. Source ID 16 is used by End of trail; resolve collision. Confirm mapping of source location code UN; existing app grouping retained where available.,"2, 4, 6",No source comparison,,
EAC-18,17.0,17.0,20.0,Chimney Swift,,LN,Draft,Needs Review,Needs beacon,PointOfInterest,,,40.239205556,-75.169491667,,,,,,,under sign,1.0,,,"40°14'21.14""N 75°10'10.17""W, ",EAC and Historic!A18:R18,,New or distinct source record; complete required fields and confirm ID/location before activating. Confirm mapping of source location code LN; existing app grouping retained where available.,"2, 4",No source comparison,,
EAC-19,18.0,18.0,20.0,Bluebird and cavity nesting bird program,,EP,Draft,Needs Review,Needs beacon,PointOfInterest,The Warrington Environmental Advisory Council is implementing a bluebird and cavity nesting bird program along this trail and throughout the Township.  Bird boxes have been installed at specific locations along this trail and throughout the Township to increase cavity bird populations.,"The Warrington Environmental Advisory Council is implementing a bluebird and cavity nesting bird program along this trail and throughout the Township.  Bird boxes have been installed at specific locations along this trail and throughout the Township to increase cavity bird populations. Bluebirds and other cavity nesting birds such as tree swallows, screech owls, and kestral falcons provide many benefits to our community by eating insects and small rodents. ",40.253291667,-75.174066667,,,,,,,under sign,1.0,,,"40°15'11.85""N 75°10'26.64""W, ",EAC and Historic!A19:R19,,New or distinct source record; complete required fields and confirm ID/location before activating. Confirm mapping of source location code EP; existing app grouping retained where available.,"2, 4",No source comparison,,
EAC-20,19.0,19.0,20.0,Meadows,,EP,Draft,Needs Review,Needs beacon,PointOfInterest,,,40.254433333,-75.172986111,,,,,,,under sign,1.0,,,"40°15'15.96""N 75°10'22.75""W, ",EAC and Historic!A20:R20,,New or distinct source record; complete required fields and confirm ID/location before activating. Confirm mapping of source location code EP; existing app grouping retained where available.,"2, 4",No source comparison,,
EAC-21,20.0,20.0,20.0,Pet Waste ,,EP,Draft,Needs Review,Needs beacon,PointOfInterest,"Pet waste contains harmful bacteria,
viruses and parasites that can wash into streams, like the Neshaminy Creek.","Pet waste contains harmful bacteria, viruses and parasites that can wash into streams, like the Neshaminy Creek. These diseases can pose a health hazard to both people and pets. Picking up after your pet controls the spread of diseases to humans and wildlife and protects Warrington’s
waterways. Thank you for bagging your pet’s waste, and putting it in the trash.",40.25885,-75.168411111,,,,,,,under sign,1.0,,,"40°15'31.86""N 75°10'06.28""W, ",EAC and Historic!A21:R21,,New or distinct source record; complete required fields and confirm ID/location before activating. Confirm mapping of source location code EP; existing app grouping retained where available.,"2, 4",No source comparison,,
EAC-22,21.0,21.0,20.0,Meadows,,MCP,Draft,Needs Review,Needs beacon,PointOfInterest,A meadow is an open field cover mostly by tall grasses.,"A meadow is an open field cover mostly by tall grasses. Meadows provide a variety of benefits.  The benefits include providing habitat for many birds, insects and small animals.  Providing natural beauty from flowering plants. Meadows adsorb additional rain fall and runoff and reduce flooding.  They also sequester carbon and require less mowing.  ",40.265252778,-75.176083333,,,,,,,under sign,1.0,,,"40°15'54.91""N 75°10'33.90""W, ",EAC and Historic!A22:R22,,New or distinct source record; complete required fields and confirm ID/location before activating. Confirm mapping of source location code MCP; existing app grouping retained where available.,"2, 4",No source comparison,,
EAC-23,22.0,22.0,20.0,Reptiles,,LN,Draft,Needs Review,Needs beacon,PointOfInterest,,,40.253291667,-75.174066667,,,,,,,under sign,1.0,,,"40°15'11.85""N 75°10'26.64""W, ",EAC and Historic!A23:R23,,New or distinct source record; complete required fields and confirm ID/location before activating. Confirm mapping of source location code LN; existing app grouping retained where available.,"2, 4",No source comparison,,
EAC-24,23.0,23.0,20.0,Bird Blind,,MCP,Draft,Needs Review,Needs beacon,PointOfInterest,,,40.264097222,-75.175763889,,,,,,,under sign,1.0,,,"40°15'50.75""N 75°10'32.75""W, ",EAC and Historic!A24:R24,,New or distinct source record; complete required fields and confirm ID/location before activating. Confirm mapping of source location code MCP; existing app grouping retained where available.,"2, 4",No source comparison,,
EAC-25,24.0,24.0,20.0,Bird Houses on Display,,LP,Draft,Needs Review,Needs beacon,PointOfInterest,,,40.246183333,-75.177619444,,,,,,,under sign,1.0,,,"40°14'46.26""N 75°10'39.43""W, ",EAC and Historic!A25:R25,,New or distinct source record; complete required fields and confirm ID/location before activating. Confirm mapping of source location code LP; existing app grouping retained where available.,"2, 4",No source comparison,,
EAC-26,25.0,25.0,20.0,Bird Blind,,LN,Draft,Needs Review,Needs beacon,PointOfInterest,,,40.237780556,-75.168575,,,,,,,under sign,1.0,,,"40°14'16.01""N 75°10'06.87""W, ",EAC and Historic!A26:R26,,New or distinct source record; complete required fields and confirm ID/location before activating. Confirm mapping of source location code LN; existing app grouping retained where available.,"2, 4",No source comparison,,
EAC-27,26.0,26.0,20.0,Monarch Way Station,,LN,Draft,Needs Review,Needs beacon,PointOfInterest,,"Monarch Waystations are places that provide resources necessary for monarchs to produce successive generations and sustain their migration. Without milkweeds throughout their spring and summer breeding areas in North America, monarchs would not be able to produce the successive generations that culminate in the migration each fall. Similarly, without nectar from flowers these fall migratory monarch butterflies would be unable to make their long journey to overwintering grounds in Mexico. The need for host plants for larvae and energy sources for adults applies to all monarch and butterfly populations around the world.",40.238755556,-75.169344444,,,,,,,under sign,1.0,,,"40°14'19.52""N 75°10'09.64""W, ",EAC and Historic!A27:R27,,New or distinct source record; complete required fields and confirm ID/location before activating. Confirm mapping of source location code LN; existing app grouping retained where available.,"2, 4",No source comparison,,
EAC-28,27.0,27.0,20.0,Migrating Birds,,UN,Draft,Needs Review,Needs beacon,PointOfInterest,,,40.248588889,-75.176569444,,,,,,,under sign,1.0,,,"40°14'54.92""N 75°10'35.65""W, ",EAC and Historic!A28:R28,,New or distinct source record; complete required fields and confirm ID/location before activating. Confirm mapping of source location code UN; existing app grouping retained where available.,"2, 4",No source comparison,,
EAC-29,28.0,28.0,20.0,Pollinator Garden,,LN,Draft,Needs Review,Needs beacon,PointOfInterest,,,40.237797222,-75.168536111,,,,,,,under sign,1.0,,,"40°14'16.07""N 75°10'06.73""W, ",EAC and Historic!A29:R29,,New or distinct source record; complete required fields and confirm ID/location before activating. Confirm mapping of source location code LN; existing app grouping retained where available.,"2, 4",No source comparison,,
EAC-30,29.0,29.0,20.0,Wetlands,,UP,Draft,Needs Review,Needs beacon,PointOfInterest,,,,,,,,,,,under sign,1.0,,,", ",EAC and Historic!A30:R30,,New or distinct source record; complete required fields and confirm ID/location before activating. Confirm mapping of source location code UP; existing app grouping retained where available.,"2, 4",No source comparison,,
EAC-31,30.0,30.0,20.0,Kiosk ,,UP,Draft,Needs Review,Needs beacon,PointOfInterest,,,,,,,,,,,inside kiosk,1.0,,,", ",EAC and Historic!A31:R31,,New or distinct source record; complete required fields and confirm ID/location before activating. Confirm mapping of source location code UP; existing app grouping retained where available.,"2, 4",No source comparison,,
EAC-32,31.0,31.0,,Corral Garden ,,UN,Draft,Needs Review,Needs beacon,PointOfInterest,,,,,,,,,,,,1.0,,,", ",EAC and Historic!A32:R32,,New or distinct source record; complete required fields and confirm ID/location before activating. Confirm mapping of source location code UN; existing app grouping retained where available.,"2, 4",No source comparison,,
EAC-33,32.0,32.0,,Solitary Bees,,LN,Draft,Needs Review,Needs beacon,PointOfInterest,,,,,,,,,,,,1.0,,,", ",EAC and Historic!A33:R33,,New or distinct source record; complete required fields and confirm ID/location before activating. Confirm mapping of source location code LN; existing app grouping retained where available.,"2, 4",No source comparison,,
EAC-34,33.0,33.0,20.0,History of Weisel,,WP,Draft,Needs Review,Needs beacon,PointOfInterest,,,40.268697222,-75.190058333,,,,,,,under sign,1.0,,,"40°16'07.31""N 75°11'24.21""W, ",EAC and Historic!A34:R34,,New or distinct source record; complete required fields and confirm ID/location before activating. Confirm mapping of source location code WP; existing app grouping retained where available.,"2, 4",No source comparison,,
EAC-35,34.0,34.0,20.0,Nike Missile,,LN,Draft,Needs Review,Needs beacon,PointOfInterest,,,40.238786111,-75.169158333,,,,,,,under sign,1.0,,,"40°14'19.63""N 75°10'08.97""W, ",EAC and Historic!A35:R35,,New or distinct source record; complete required fields and confirm ID/location before activating. Confirm mapping of source location code LN; existing app grouping retained where available.,"2, 4",No source comparison,,
EAC-36,35.0,35.0,,School House,,Folly Rd.,Draft,Needs Review,Needs beacon,PointOfInterest,,,,,,,,,,,,1.0,,,", ",EAC and Historic!A36:R36,,New or distinct source record; complete required fields and confirm ID/location before activating. Confirm mapping of source location code Folly Rd.; existing app grouping retained where available.,"2, 4",No source comparison,,
JSON-4001,4001.0,,,202 Connector Trail,us-202,,Active,Needs Review,,Trail,This mostly-paved trail brings you from the 202 Parkway Trail to the Bradford Dam reservoir and the trail that goes through it,This is a paved trail (with one short gravel segment) connecting the US-202 Parkway Trail to the Bradford Dam trail,40.2700344,-75.1917515,us-202/images/202LittleNeshaminy.jpg,Picture of 202 Connector Trail,true,This is a paved trail (with one short gravel segment) connecting the US-202 Parkway Trail to the Bradford Dam trail,,,,,,,,Current JSON,Entire record,Absent from new source. Retained pending decision; may be a required trail endpoint.,"1, 5",No source comparison,,
JSON-16,16.0,,,End of trail,us-202,,Active,Needs Review,,PointOfInterest,This is the end of the trail,This is the end of the trail,40.2272362,-75.1586589,us-202/images/202LittleNeshaminy.jpg,,,,,,,,,,,Current JSON,Entire record,Absent from new source. Retained pending decision; may be a required trail endpoint.,"1, 5",No source comparison,,
