"name","App Inclusion","recordKey","location","trailId","stopOrder","Minor","Status","category","description","longDescription","trailDistanceDescription","imagePath","imageAlt","reviewStatus","isOpen","purchaseCount","beaconPlacement"
"Green Trail","Active","LP-3","lions-pride-park","green-trail","1","3001","Working","Trail","This limestone trail passes the meadow and the Rain Garden.","The Green Trail connects to the wetlands trail and extends around the Rain Garden area.","This crushed-stone, U-shaped trail runs about 0.25 miles around the back of the park and leads to the Rain Garden nature area. From the Yellow Trail connector, walk left toward the Rain Garden or right around the lacrosse field toward the nature signs. The two ends do not currently connect. That will change when the pond-to-wetland project is completed.","https://trails.warringtoneac.org/lions-pride-park/images/trail.jpg","Picture of Green Trail","Approved","true","","on pole"
"Bees","Active","LP-15","lions-pride-park","green-trail","4","2005","Working","PointOfInterest","Learn why bees are important to the environment and how we can help them thrive.","Bees are insects known as pollinators. Western honeybees are well known for producing honey and pollinating flowers, fruits, and vegetables. Most crops require insect pollination to produce seeds. Bees live in colonies, also known as hives, where they reproduce and store honey for winter. Honeybees fly quickly and beat their wings around 200 times per second. Unfortunately, bee populations are declining because of viruses, climate change, decreasing crop diversity, and habitat loss. Reducing pesticide use and the effects of climate change can help these important pollinators recover. You can also help by planting native shrubs and flowers in your yard. ","","https://trails.warringtoneac.org/lions-pride-park/images/bees.jpg","Honey bee gathering pollen from a yellow flower","Approved","","","near wetland on pole"
"Insects","Active","LP-25","lions-pride-park","green-trail","5","3008","Needs reprogrammed","PointOfInterest","Insects support ecosystems by pollinating plants, spreading seeds, and providing food for other animals.","Insects are the largest group of animals on Earth. There may be up to 10 million species in many shapes, colors, and sizes. All insects share several characteristics: no backbone, three body sections, two antennae, and six legs. Insects pollinate plants, spread seeds, and provide a protein-rich food source for other animals and people.","","https://trails.warringtoneac.org/lions-pride-park/images/insects.jpg","Some Insects","Approved","","",""
"Butterflies","Active","LP-16","lions-pride-park","green-trail","6","2006","Missing","PointOfInterest","Learn about butterflies and their role in the environment.","Butterflies and moths pollinate plants and provide food for other animals. They make up the second-largest order of insects. Thousands of tiny, overlapping scales cover their wings. Each scale is a single color, and together they create the complex patterns seen on the wings. Monarch butterfly populations have declined by more than 90% over the past ten years. Butterflies in general are in trouble, but a few nectar and host plants can attract and sustain dozens of species. Limiting insecticide and herbicide use can also help their populations recover.","","https://trails.warringtoneac.org/lions-pride-park/images/butterfly.jpg","Monarch butterfly standing on a stick","Approved","","1",""
"Kids Mountain Trail","Active","LP-19","lions-pride-park","kids-mountain-trail","1","3002","Working","Trail","This ADA-accessible trail leads to the top of Kids Mountain and its play activities.","This gently sloping, ADA-accessible trail leads to the top of Kids Mountain. It is wheelchair-friendly and suited to visitors with limited mobility. A rest area along the trail offers a place to sit and enjoy a scenic view of the park. The natural side of the mountain allows visitors to run up and roll down. In winter, it is also an excellent sledding hill.","This 400-foot trail leads to the top of Kids Mountain. Its ADA-accessible slope is suitable for visitors with limited mobility.","https://trails.warringtoneac.org/lions-pride-park/images/Mountain_trail.jpg","Kids Mountain Trail","Approved","true","","on sign at beginning of the mountain trail"
"Pollinator Plants","Active","LP-24","lions-pride-park","","","3007","Missing","PointOfInterest","Native pollinator plants provide nectar and pollen for butterflies, bees, bats, hummingbirds, and other wildlife.","Native pollinator plants are essential to ensure the production of nectar and pollen that support a diversity of butterflies, bees, bats, hummingbirds and other insects. These plants are also essential for plant reproduction and provide food and shelter for wildlife. ","","https://trails.warringtoneac.org/lions-pride-park/images/pollinators.jpg","Some Pollinator Plants","Approved","","1",""
"Natural Slope","Active","LP-17","lions-pride-park","","","2007","Missing","PointOfInterest","The side of Kids Mountain is a natural play area and is great for sledding. Get to it from the Kids Mountain Trail.","This side (back of the mountain) is natural and allows individuals to run up, roll down and in the winter is an excellent sledding hill. The area is accessed from Kids Mountain Trail.","","https://trails.warringtoneac.org/lions-pride-park/images/slope.jpg","Play slope","Approved","","",""
"Kids Mountain","Active","LP-7","lions-pride-park","kids-mountain-trail","2","1003","Working","PointOfInterest","Kids Mountain is loaded with swings, slides, climbing towers and rope bridges for hours of fun.","Kids Mountain is a state-of-the-art play area that is fully accessible to people of all abilities. It includes swings, slides, climbing towers, and rope bridges. The topography supports climbing, sledding, walking, and scenic views. This 15-foot-high mountain offers several ways for children of all ages and abilities to ascend and descend. A rope bridge from the large tower connects Kids Mountain to the smaller mountain. The smaller hill includes a net climbing structure and several activities along its edges: a zigzag climbing ladder, a spider-web climbing net, sliding pipes, and a four-foot-wide slide. Colorful half-domes help children make their way up and down the hill.","","https://trails.warringtoneac.org/lions-pride-park/images/kids_mountain.jpg","Picture of the Kids Mountain","Approved","","","black cap inside climbing bars"
"202 Connector Trail","Active","JSON-4001","us-202","","","4001","","Trail","This mostly paved trail connects the US-202 Parkway Trail to the Bradford Dam reservoir and the trail that passes through it.","This paved trail, with one short gravel segment, connects the US-202 Parkway Trail to the Bradford Dam trail.","This paved trail, with one short gravel segment, connects the US-202 Parkway Trail to the Bradford Dam trail.","https://trails.warringtoneac.org/us-202/images/202LittleNeshaminy.jpg","Picture of 202 Connector Trail","Approved","true","",""
"Bluebird and Cavity-Nesting Bird Program","Active","EAC-2","Weisel-Preserve-Trail","Weisel-Preserve-Trail","1","1","Working","PointOfInterest","The Warrington Environmental Advisory Council is implementing a bluebird and cavity-nesting bird program along this trail and throughout the Township. Bird boxes have been installed at specific locations to support cavity-nesting bird populations.","The Warrington Environmental Advisory Council is implementing a bluebird and cavity-nesting bird program along this trail and throughout the Township. Bird boxes have been installed at specific locations to support cavity-nesting bird populations. Bluebirds and other cavity-nesting birds, such as tree swallows, screech owls, and kestrels, benefit the community by eating insects and small rodents.","","https://trails.warringtoneac.org/us-202/images/202Nesting.jpg","","Approved","","","under sign"
"Pollinator Habitat","Active","EAC-3","Weisel-Preserve-Trail","Weisel-Preserve-Trail","2","2","Needs reprogrammed","PointOfInterest","Pollinator habitats are gardens that provide food, water, and safe living space for native pollinators.","Pollinator habitats are gardens that provide food, water, and safe living space for native pollinators. This habitat includes different plants that provide nectar for a variety of pollinator species throughout the growing season.","","https://trails.warringtoneac.org/us-202/images/202Pollinator2021.jpg","","Approved","","","under sign"
"Pet Waste","Active","EAC-4","Weisel-Preserve-Trail","Weisel-Preserve-Trail","3","3","Working","PointOfInterest","Pet waste contains harmful bacteria, viruses, and parasites that can wash into streams such as Neshaminy Creek.","Pet waste contains harmful bacteria, viruses, and parasites that can wash into streams such as Neshaminy Creek. These organisms can pose a health hazard to people and pets. Picking up after your pet helps control the spread of disease to people and wildlife and protects Warrington's waterways. Thank you for bagging your pet's waste and putting it in the trash.","","https://trails.warringtoneac.org/us-202/images/202PetWaste.jpg","","Approved","","","under sign"
"Naturalized Basin","Active","EAC-5","upper-nike-trail","upper-nike-trail","1","4","Working","PointOfInterest","A naturalized detention basin is a constructed dry pond designed to collect stormwater runoff. Native plants help absorb and filter pollutants from the water.","A naturalized detention basin is a constructed dry pond designed to collect stormwater runoff. Native plants help absorb and filter pollutants from the water. Naturalizing stormwater basins reduces mowing, increases groundwater recharge, reduces pollutants entering streams and rivers, and expands wildlife habitat.","","https://trails.warringtoneac.org/us-202/images/202Basin.jpg","","Approved","","","under sign"
"Native Plant Management Area","Active","EAC-6","upper-nike-trail","upper-nike-trail","2","5","Working","PointOfInterest","This corridor is being actively managed by the Warrington Environmental Advisory Council to promote native plants.","The Warrington Environmental Advisory Council actively manages this corridor to promote native plants. Invasive plants are controlled to prevent them from crowding out native vegetation. Step off the trail and explore. Many native plants have been identified, and some produce edible fruits and nuts. Please enjoy the area responsibly.","","https://trails.warringtoneac.org/us-202/images/202NativePlantMgt.jpg","","Approved","","","under sign"
"Rain Barrels","Active","EAC-7","lions-pride-park","yellow-trail","7","6","Missing","PointOfInterest","Rain barrels collect and store rainwater from a roof. Reusing this water helps conserve water and save money.","Rain barrels collect and store rainwater from a roof. Reusing this water helps conserve water and save money.","","https://trails.warringtoneac.org/us-202/images/202RainBarrel.jpg","","Approved","","1","under sign"
"Bluebird and Cavity-Nesting Bird Program","Active","EAC-8","upper-nike-trail","upper-nike-trail","8","7","Working","PointOfInterest","The Warrington Environmental Advisory Council is implementing a bluebird and cavity-nesting bird program along this trail and throughout the Township. Bird boxes have been installed at specific locations to support cavity-nesting bird populations.","The Warrington Environmental Advisory Council is implementing a bluebird and cavity-nesting bird program along this trail and throughout the Township. Bird boxes have been installed at specific locations to support cavity-nesting bird populations. Bluebirds and other cavity-nesting birds, such as tree swallows, screech owls, and kestrels, benefit the community by eating insects and small rodents.","","https://trails.warringtoneac.org/us-202/images/202Nesting.jpg","","Approved","","","under sign"
"Native Plants vs. Invasive Plants","Active","EAC-9","lower-nike-trail","lower-nike-trail","9","8","Working","PointOfInterest","Native plants existed in the area before colonization. Invasive plants are nonnative species that originated in other parts of the country or world.","Native plants existed in the area before colonization. They have grown here for thousands of years and are adapted to the local soil and climate. Once established, they need minimal maintenance. Invasive plants are nonnative species that originated in other parts of the country or world. They have few natural predators, can spread quickly, and are often harmful to other plants and animals.","","https://trails.warringtoneac.org/us-202/images/202NativePlantsVsInvasive.jpg","","Approved","","","under sign"
"Native Plant Management Area","Active","EAC-10","lower-nike-trail","lower-nike-trail","10","9","Missing","PointOfInterest","This corridor is being actively managed by the Warrington Environmental Advisory Council to promote native plants.","The Warrington Environmental Advisory Council actively manages this corridor to promote native plants. Invasive plants are controlled to prevent them from crowding out native vegetation. Step off the trail and explore. Many native plants have been identified, and some produce edible fruits and nuts. Please enjoy the area responsibly.","","https://trails.warringtoneac.org/us-202/images/202NativePlantMgt.jpg","","Approved","","1","under sign"
"Pet Waste","Active","EAC-11","lower-nike-trail","lower-nike-trail","11","10","Working","PointOfInterest","Pet waste contains harmful bacteria, viruses, and parasites that can wash into streams such as Neshaminy Creek.","Pet waste contains harmful bacteria, viruses, and parasites that can wash into streams such as Neshaminy Creek. These organisms can pose a health hazard to people and pets. Picking up after your pet helps control the spread of disease to people and wildlife and protects Warrington's waterways. Thank you for bagging your pet's waste and putting it in the trash.","","https://trails.warringtoneac.org/us-202/images/202PetWaste.jpg","","Approved","","","under sign"
"Trees","Active","EAC-12","lower-nike-trail","lower-nike-trail","12","11","Working","PointOfInterest","Trees improve biodiversity, store carbon, and absorb and filter pollutants from stormwater.","Trees improve biodiversity, store carbon, and absorb and filter pollutants from stormwater. They provide food and habitat for many animal species. Trees also reduce flooding and filter surface water and groundwater, removing pollutants before they reach a stream. They capture and store carbon and filter air pollutants and unpleasant odors from the air.","","https://trails.warringtoneac.org/us-202/images/202Trees.jpg","","Approved","","","under sign"
"Wetlands","Active","EAC-13","us-202","lower-nike-trail","13","12","Working","PointOfInterest","Wetlands are areas where water covers the soil all or varying times of the year.","Wetlands are areas where water covers the soil for all or part of the year. Most plants that grow there are water-loving species, and the subsoil is saturated for much of the year.","","https://trails.warringtoneac.org/us-202/images/202Wetlands.jpg","","Approved","","","under sign"
"Fish","Active","EAC-14","lower-nike-trail","lower-nike-trail","14","13","Missing","PointOfInterest","Neshaminy Creek contains bluegill, bass, and trout.","Neshaminy Creek contains bluegill, bass, and trout. Stormwater runoff from rain and snowmelt can carry sediment, pesticides, oil, and other chemicals. These pollutants affect fish and can accumulate in their bodies. Some contaminants may then be passed to people through the food chain.","","https://trails.warringtoneac.org/us-202/images/202Fish.jpg","","Approved","","1","under sign"
"Meadows","Active","EAC-15","lower-nike-trail","lower-nike-trail","15","14","Working","PointOfInterest","A meadow is an open field covered mostly by tall grasses.","A meadow is an open field covered mostly by tall grasses. Meadows provide habitat for many birds, insects, and small animals. Flowering plants add natural beauty. Meadows also absorb rainfall and runoff, reduce flooding, store carbon, and require less mowing.","","https://trails.warringtoneac.org/us-202/images/202Meadows.jpg","","Approved","","","under sign"
"Waterfowl","Active","EAC-16","us-202","lower-nike-trail","16","15","Working","PointOfInterest","Waterfowl are ducks, geese, and other large aquatic birds.","Waterfowl are ducks, geese, and other large aquatic birds. Adult geese, goslings, and eggs provide food for other animals. Please do not feed wild birds. Feeding can cause poor health, overcrowding, and the spread of disease.","","https://trails.warringtoneac.org/us-202/images/202Waterfowl.jpg","","Approved","","","under sign"
"End of Trail","Active","JSON-16","lower-nike-trail","lower-nike-trail","17","16","","PointOfInterest","This is the end of the trail.","This is the end of the trail.","","https://trails.warringtoneac.org/us-202/images/202LittleNeshaminy.jpg","","Approved","","",""
"Yellow Trail","Active","LP-2","lions-pride-park","yellow-trail","2","1002","Working","Trail","This paved trail leads you around the outside of the park and is great exercise.","The yellow trail is a 0.4-mile paved loop around the park and connects with the trail around IPW and the rest of Upper Nike.","This 0.4-mile paved trail loops around Kids Mountain and the Grove. Just to the right of the main entrance, a link connects to IPW Park around the soccer fields. About halfway around, a connector leads to the Green Trail.","https://trails.warringtoneac.org/lions-pride-park/images/Yellow_trail.jpg","Yellow Trail at Lions Pride Park","Approved","false","","inside Kiosk"
"Restrooms","Active","LP-5","lions-pride-park","yellow-trail","3","1011","Working","Building","Men's and women's restrooms have changing tables. A water fountain is located at the rear of the building.","The restrooms are in the southern part of the park, just south of the pavilion on the Yellow Trail. The men's and women's restrooms are ADA-accessible, and each has a changing table. A water fountain is located at the rear of the building.","","https://trails.warringtoneac.org/lions-pride-park/images/restrooms.jpg","Small white building with two entrances for bathrooms","Approved","","","on eve of roof"
"Green Trail Turnoff","Active","LP-27","lions-pride-park","yellow-trail","6","3003","Working","PointOfInterest","Walk along the edge of the woods and see what plants and wildlife you can see.","If you bear left at this junction, you'll connect to the Green Trail. Otherwise, continue on the Yellow Trail toward the park entrance.","","https://trails.warringtoneac.org/lions-pride-park/images/Green_Trail_Connection.jpg","Green Trail connection","Approved","","",""
"Pavilion","Active","LP-8","lions-pride-park","yellow-trail","4","1015","Working","Building","The pavilion is a covered gathering place next to the Grove.","The covered pavilion can hold 50 to 75 people and can be rented for parties and gatherings. It is conveniently located next to the Grove, grills, and picnic tables.","","https://trails.warringtoneac.org/lions-pride-park/images/pavilion.jpg","Covered pavilion at Lions Pride Park","Approved","","","SW corner of pavillion"
"Park Entrance","Active","LP-4","lions-pride-park","yellow-trail","1","1009","Working","PointOfInterest","Welcome! This is the entrance to Lions Pride Park. ","Welcome to Lions Pride Park! The entrance is the start of the Yellow Trail. Walk to your right to enter Kids Mountain or straight ahead to the Grove. Note the engraved walls recognizing the donors who made this park possible. The restrooms are located to your left.","","https://trails.warringtoneac.org/lions-pride-park/images/park_entrance.jpg","View of trees and field from park entrance","Approved","","","behind wall"
"The Grove","Active","LP-6","lions-pride-park","yellow-trail","5","1012","Working","PointOfInterest","The Grove is a relaxing family area with games, chairs, tables, and hammocks.","The Grove offers intergenerational experiences in a scenic setting, including life-size games and picnic areas for building lasting family memories. Seating areas include benches and tables that accommodate people with a range of physical needs. At the center of the Grove is a large circular area dedicated to the Warrington Lions Club. It is surrounded by tables with built-in chess and checkerboards. Game pieces are available at no charge. Please return all equipment when you finish so it remains available to other visitors.","","https://trails.warringtoneac.org/lions-pride-park/images/the_grove.jpg","Picture of the Grove","Approved","","",""
"Tennis Courts","Retired","LP-9","","","","1016","","PointOfInterest","Tennis/Pickleball Courts are open to all on a first come- first served basis.","The tennis/pickleball courts are open to the public on a first come-first served basis. Bring your own equipment.","","https://trails.warringtoneac.org/lions-pride-park/images/tennis_pickleball.jpg","Picture of the Tennis Courts","Approved","","",""
"Small Mountain","Retired","LP-10","","","","1017","","PointOfInterest","The Small Mountain is a fun play area for toddlers and anyone not comfortable with climbing the Kids Mountain.","The small mountain is connected to Kids Mountain by a rope bridge starting at the big tower. This hill has a net climbing structure to move about in as well as several different activities along the edges: A smaller zigzag climbing ladder, one spider web climbing net, sliding pipes and a 4-foot-wide sliding board. Along this hill are many colorful half domes that children can use to make their way both up and down the hill. There is a tot lot, ideal for kids 2-5 with a sandbox, diggers, a dish swing, mommy & me swings and various other activities.","","https://trails.warringtoneac.org/lions-pride-park/images/Small_mountain.jpg","Picture of the Small Mountain","Approved","","","inside black cap facing main mountain"
"Invasive Species","Active","LP-11","upper-nike-trail","green-trail","","2001","Working","PointOfInterest","Learn how invasive plants affect the local environment and natural habitats.","Invasive species are plants or animals that are not native to the area where they now live. They can spread quickly and cause environmental and economic damage. They make up around 41% of the vegetation in Pennsylvania. Invasive plants reduce habitat for native wildlife and outcompete native plants, disrupting the food chain and the natural balance of the local environment.","","https://trails.warringtoneac.org/lions-pride-park/images/invasive_species.jpg","Spotted lantern fly on a branch","Approved","","",""
"Climbing Ladder","Retired","LP-12","","","","","","PointOfInterest","Rope Climbing Ladder takes you on a zigzag pattern from the top to the bottom of Kids Mountain","","","","Rope climbing ladder","Approved","","",""
"Small Slides","Active","LP-13","","","","2003","Missing","PointOfInterest","The Small Slides lead down Kids Mountain through two sand-filled areas. Reach the slides from Kids Mountain Trail or by using the stairs between the slides.","Three small green slides lead down from the top of Kids Mountain through two sand-filled areas. The sand is one of several play surfaces found throughout the park. Reach the slides from the walking path that winds up the mountain or by using the two sets of stairs between them. These slides are shorter and less steep than the main slides.","","https://trails.warringtoneac.org/lions-pride-park/images/small_slides.jpg","Small slides","Approved","","1",""
"Large Slides","Draft","LP-14","","","","","Missing","PointOfInterest","Large Slides are the big blue slides. Get to the spiral slide from the tower on Kids Mountain. The straight slide is right next to the tower entrance.","The two main blue slides begin from the peak of Kids Mountain; both are accessible by individuals of all abilities. The first slide is a spiral slide that can be accessed from the tower's highest level and ends with a transfer station (for handicapped persons) at the bottom. The second slide is a straight slide that is steep and fast. Again, this has transfer areas at both the top and bottom.","","","Large slides","Approved","","1","onside of the main railng that goes to top of to big slide"
"Games","Retired","LP-18","","","","2008","Missing","PointOfInterest","Checkers and chess sets are available for you to use at the game tables. Please make sure to return them when done","","","","Table games","Approved","","",""
"The Woods","Draft","LP-20","upper-nike-trail","green-trail","","","Missing","PointOfInterest","Walk along the woods and see what plants and wildlife you can see.","The woods along the side of the loop trail are comprised of uplands, wetlands and floodplains. The trail passes through the woods and around the created wetland habitat for a whole new educational nature experience.","","","The Woods","Approved","","",""
"Music Grove","Active","LP-21","","","","3004","Missing","PointOfInterest","Tuned musical instruments are for your use and enjoyment. Have fun!","The Music Grove is located behind the smaller mountain and next to the swings. Visitors will find an array of oversized, tuned musical instruments to play.","","https://trails.warringtoneac.org/lions-pride-park/images/music_grove.jpg","The Music Grove","Approved","","1",""
"Recycled Plastic Furniture","Active","LP-23","lions-pride-park","yellow-trail","","3006","Working","PointOfInterest","All Adirondack chairs, benches, and picnic tables in the park are made from 100% recycled plastic.","All Adirondack chairs, benches, and picnic tables in the park are made from 100% recycled plastic. By using recycled plastic furnishings, the park helps close the recycling loop. Incorporating recycled plastic into outdoor products conserves virgin resources and reduces the need to log, drill, and mine for raw materials. Using recycled content also creates demand for recycled materials and helps make recycling economically viable.","","https://trails.warringtoneac.org/lions-pride-park/images/recycled_furn.jpg","Recycled Furniture","Approved","","","on metal sign post"
"Trash and Recycling","Active","LP-26","lions-pride-park","yellow-trail","","2002","Working","PointOfInterest","Recycling bins at Lions Pride Park allow visitors to separate food containers, paper products, empty plastic and glass bottles, and aluminum cans from trash. Please do not place plastic bags in the recycling bins because they can damage recycling equipment. Plastic bags can be recycled at participating supermarkets. Recycling reduces the amount of waste sent to landfills. Only clean paper used for reading and writing is recyclable. All containers must be completely empty to avoid contamination.","Recycling bins at Lions Pride Park allow visitors to separate food containers, paper products, empty plastic and glass bottles, and aluminum cans from trash. Please do not place plastic bags in the recycling bins because they can damage recycling equipment. Plastic bags can be recycled at participating supermarkets. Recycling reduces the amount of waste sent to landfills. Only clean paper used for reading and writing is recyclable. All containers must be completely empty to avoid contamination.","","https://trails.warringtoneac.org/lions-pride-park/images/Recycling.jpg","Recycling at Lions Pride Park","Approved","","",""
"Purple Martin","Draft","EAC-17","","","","","To be purchased","PointOfInterest","","","","","","Approved","","1","under sign"
"Chimney Swift","Draft","EAC-18","","","","17","To be purchased","PointOfInterest","","","","","","Approved","","1","under sign"
"Bluebird and cavity nesting bird program","Draft","EAC-19","","","","18","To be purchased","PointOfInterest","The Warrington Environmental Advisory Council is implementing a bluebird and cavity nesting bird program along this trail and throughout the Township.  Bird boxes have been installed at specific locations along this trail and throughout the Township to increase cavity bird populations.","The Warrington Environmental Advisory Council is implementing a bluebird and cavity nesting bird program along this trail and throughout the Township.  Bird boxes have been installed at specific locations along this trail and throughout the Township to increase cavity bird populations. Bluebirds and other cavity nesting birds such as tree swallows, screech owls, and kestral falcons provide many benefits to our community by eating insects and small rodents. ","","","","Approved","","1","under sign"
"Meadows","Draft","EAC-20","","","","19","To be purchased","PointOfInterest","","","","","","Approved","","1","under sign"
"Pet Waste ","Draft","EAC-21","","","","20","To be purchased","PointOfInterest","Pet waste contains harmful bacteria,
viruses and parasites that can wash into streams, like the Neshaminy Creek.","Pet waste contains harmful bacteria, viruses and parasites that can wash into streams, like the Neshaminy Creek. These diseases can pose a health hazard to both people and pets. Picking up after your pet controls the spread of diseases to humans and wildlife and protects Warrington’s
waterways. Thank you for bagging your pet’s waste, and putting it in the trash.","","","","Approved","","1","under sign"
"Meadows","Draft","EAC-22","","","","21","To be purchased","PointOfInterest","A meadow is an open field cover mostly by tall grasses.","A meadow is an open field cover mostly by tall grasses. Meadows provide a variety of benefits.  The benefits include providing habitat for many birds, insects and small animals.  Providing natural beauty from flowering plants. Meadows adsorb additional rain fall and runoff and reduce flooding.  They also sequester carbon and require less mowing.  ","","","","Approved","","1","under sign"
"Reptiles","Draft","EAC-23","","","","22","To be purchased","PointOfInterest","","","","","","Approved","","1","under sign"
"Bird Blind","Draft","EAC-24","","","","23","To be purchased","PointOfInterest","","","","","","Approved","","1","under sign"
"Bird Houses on Display","Draft","EAC-25","","","","24","To be purchased","PointOfInterest","","","","","","Approved","","1","under sign"
"Bird Blind","Draft","EAC-26","","","","25","To be purchased","PointOfInterest","","","","","","Approved","","1","under sign"
"Monarch Way Station","Draft","EAC-27","","","","26","To be purchased","PointOfInterest","","Monarch Waystations are places that provide resources necessary for monarchs to produce successive generations and sustain their migration. Without milkweeds throughout their spring and summer breeding areas in North America, monarchs would not be able to produce the successive generations that culminate in the migration each fall. Similarly, without nectar from flowers these fall migratory monarch butterflies would be unable to make their long journey to overwintering grounds in Mexico. The need for host plants for larvae and energy sources for adults applies to all monarch and butterfly populations around the world.","","","","Approved","","1","under sign"
"Migrating Birds","Draft","EAC-28","","","","27","To be purchased","PointOfInterest","","","","","","Approved","","1","under sign"
"Pollinator Garden","Draft","EAC-29","","","","28","To be purchased","PointOfInterest","","","","","","Approved","","1","under sign"
"Wetlands","Draft","EAC-30","","","","29","To be purchased","PointOfInterest","","","","","","Approved","","1","under sign"
"Kiosk ","Draft","EAC-31","","","","30","To be purchased","PointOfInterest","","","","","","Approved","","1","inside kiosk"
"Corral Garden ","Draft","EAC-32","","","","31","To be purchased","PointOfInterest","","","","","","Approved","","1",""
"Solitary Bees","Draft","EAC-33","","","","32","To be purchased","PointOfInterest","","","","","","Approved","","1",""
"History of Weisel","Draft","EAC-34","","","","33","To be purchased","PointOfInterest","","","","","","Approved","","1","under sign"
"Nike Missile","Draft","EAC-35","","","","34","To be purchased","PointOfInterest","","","","","","Approved","","1","under sign"
"School House","Draft","EAC-36","","","","35","To be purchased","PointOfInterest","","","","","","Approved","","1",""