"Trail ID","KML recordKey","Forward Distance","Forward Instructions","Reverse Distance","Reverse Instructions"
"yellow-trail","LP-2","160 feet","From the entrance, proceed on the trail to the left approximately 160 feet to the restrooms or 200 feet straight ahead to the Grove","500 feet","In 500 feet, you will reach one of the entrances to the Green Trail"
"yellow-trail","LP-5","75 feet","Continue on the trail 75 feet and the pavilion is on the right, 50 feet from the trail","160 feet","From the restrooms, continue 160 feet to the park entrance"
"yellow-trail","LP-27","150 feet","125 feet to sign  on left for The Woods and Invasive Species and 25 feet more to the Green Trail","350 feet","350 feet to the Pavilion on the left"
"green-trail","LP-3","350 feet","This will take you along the woods and back to the Yellow Trail","","This is the beginning of the Green Trail"
"green-trail","LP-28","350 feet","Returning to the Yellow Trail allows you to turn right and walk 350 feet to the pavilion or turn left to return to the park entrance in about 700 feet.","600 feet","The link from the Yellow Trail enters the Green Trail at its mid-point. The trail to the left will take you 350 feet along the treeline to the area which ends at the Green trailhead near the pond. To the right takes you 600 feet to the Rain Garden"
"green-trail","LP-22","50 feet","Another 50 feet along the trail takes you to an information sign  about bees.","650 feet","Walk back 275 feet toward Kids Mountain to rejoin the Yellow Trail or continue to the right 650 feet back toward the Green trail connection and the beginning of the Green Trail"
"green-trail","LP-15","50 feet","Another 50 feet along the trail takes you to an information sign  about insects.","50 feet","Another 50 feet along the trail takes you to an information sign  about the Rain Garden"
"green-trail","LP-25","50 feet","Another 50 feet along the trail takes you to an information sign  about butterflies.","50 feet","Another 50 feet along the trail takes you to an information sign  about bees."
"green-trail","LP-16","","This is the end of the Green Trail.","50 feet","Another 50 feet along the trail takes you to an information sign  about insects."
"kids-mountain-trail","LP-19","75 feet","Along the left side of the trail is a sign  with information about pollinator plants. There is a rope handrail on the right side","","This is the beginning of the Kids Mountain Trail. The park entrance is 30 feet further downhill on your left"
"kids-mountain-trail","LP-24","300 feet","300 feet up the pleasantly inclined trail takes you to the gentle slope, open in winter for sledding.","75 feet","Takes you back to the beginning of Kids Mountain Trail"
"kids-mountain-trail","LP-17","55 feet","Another 55 feet takes you to the summit of Kids Mountain.  Let the good times roll!!","300 feet","Along the right side of the trail is a sign  with information about pollinator plants"
"kids-mountain-trail","LP-7","","This is the top of Kids Mountain and end of the trail.","55 feet","Downhill on the trail takes you to the gentle slope, open in winter for sledding. There is a rope handrail along the left side of the trail."
"route-202-connector-trail","JSON-4001","319 yards;","319 yards to Bluebird and cavity nesting bird program","","This is the start of the trail"
"route-202-connector-trail","EAC-2","365 yards;","365 yards to Pollinator Habitat","319 yards","319 yards to Trailhead"
"route-202-connector-trail","EAC-3","64 yards;","64 yards to Pet Waste","365 yards","365 yards to Bluebird and cavity nesting bird program"
"route-202-connector-trail","EAC-4","3983 yards;","3983 yards to Naturalized Basin","64 yards","64 yards to Pollinator Habitat"
"route-202-connector-trail","EAC-5","54 yards;","54 yards to Native Plant Management Area","3983 yards","3983 yards to Pet Waste"
"route-202-connector-trail","EAC-6","420 yards;","420 yards to Rain Barrels","54 yards","54 yards to Naturalized Basin"
"route-202-connector-trail","EAC-7","1131 yards;","1131 yards to Bluebird and cavity nesting bird program","420 yards","420 yards to Native Plant Management Area"
"route-202-connector-trail","EAC-8","112 yards;","112 yards to Native Plant vs Invasive Plants","1131 yards","1131 yards to Rain Barrels"
"route-202-connector-trail","EAC-9","163 yards;","163 yards to Native Plant Management Area","112 yards","112 yards to Bluebird and cavity nesting bird program"
"route-202-connector-trail","EAC-10","81 yards;","81 yards to Pet Waste","163 yards","163 yards to Native Plant vs Invasive Plants"
"route-202-connector-trail","EAC-11","269 yards;","269 yards to Trees","81 yards","81 yards to Native Plant Management Area"
"route-202-connector-trail","EAC-12","141 yards;","141 yards to Wetlands","269 yards","269 yards to Pet Waste"
"route-202-connector-trail","EAC-13","92 yards;","92 yards to Fish","141 yards","141 yards to Trees"
"route-202-connector-trail","EAC-14","532 yards;","532 yards to Meadows","92 yards","92 yards to Wetlands"
"route-202-connector-trail","EAC-15","138 yards;","138 yards to Waterfowl","532 yards","532 yards to Fish"
"route-202-connector-trail","EAC-16","858 yards;","858 yards to End of trail","138 yards","138 yards to Meadows"
"route-202-connector-trail","JSON-16","","This is the end of the trail","858 yards","858 yards to Waterfowl"