"id","location","name","isOpen","trailDistanceDescription","reviewStatus"
"yellow-trail","lions-pride-park","Yellow Trail","false","This 0.4-mile paved trail loops around Kids Mountain and the Grove. Just to the right of the main entrance, a link connects to IPW Park around the soccer fields. About halfway around, a connector leads to the Green Trail.","Approved"
"green-trail","lions-pride-park","Green Trail","true","This crushed-stone, U-shaped trail runs about 0.25 miles around the back of the park and leads to the Rain Garden nature area. From the Yellow Trail connector, walk left toward the Rain Garden or right around the lacrosse field toward the nature signs. The two ends do not currently connect. That will change when the pond-to-wetland project is completed.","Approved"
"kids-mountain-trail","kids-mountain-trail","Kids Mountain Trail","true","This 400-foot trail leads to the top of Kids Mountain. Its ADA-accessible slope is suitable for visitors with limited mobility.","Approved"
"upper-nike-trail","us-202","Upper Nike Trail","true","This trail loops around the Wetlands behind the La Cross fields","Approved"
"ipw-trail","us-202","IPW Trail","true","This trail loops around the scoccer fields","Approved"
"lower-nike-trail","us-202","Lower Nike Trail","true","|This trail begins in the gravel parking lot near therest rooms and follows the Little Neshaminy River down to the Bradford Reservoir","Approved"
"Mill-Creek-Preserve-at-Lower-State Trail","us-202","Mill Creek Preserve Trail at Lower State","true","This trail follows loer State Road to Bell Flower Drive","Approved"
"Mill-Creek-Preserve- Main-Trail","us-202","Mill Creek Preserve Main Trail","true","This is the main entrance road that rulls through the property","Approved"
"Mill-Creek-Preserve-Trail-to-Western-Reforestation-Field ","us-202","Mill Creek Preserve Trail to Western Reforestation Field ","true","This short trail branches off of the main road to the Western Reforestation which is behinf the Fire Station and Public Works Biuldings","Approved"
"Weisel-Preserve-Trail","us-202","Weisel Preserve Trail","true","This trail runs from Stump Road to Lower State Road","Approved"
"Route-202-Connector-Trail","us-202","202 Connector Trail","true","This paved trail, with one short gravel segment, connects the US-202 Parkway Trail to the Bradford Dam trail.","Approved"